{"prod":
    [{
      "image": "logo",
      "id": 1,
      "name": "Seeds of Change Organic Quinoa",
      "description": "Organic quinoa that is high in fiber and protein.",
      "price": 29.99,
      "rating": 4,
      "category": "Snack",
      "company": "Nestle",
      "addedDate": "2023-12-01",
      "itemsSold": 150
    },
    {
      "image": "logo",
      "id": 2,
      "name": "All Natural Italian-Style",
      "description": "Authentic Italian-style meal with fresh ingredients.",
      "price": 25.99,
      "rating": 5,
      "category": "Hodo Foods",
      "company": "Stouffer",
      "addedDate": "2024-01-10",
      "itemsSold": 200
    },
    {
      "image": "logo",
      "id": 3,
      "name": "Blue Diamond Almonds",
      "description": "Delicious roasted almonds for snacking.",
      "price": 22.49,
      "rating": 3,
      "category": "Pet Foods",
      "company": "NestFood",
      "addedDate": "2023-11-20",
      "itemsSold": 300
    },
    {
      "image": "logo",
      "id": 4,
      "name": "Nature Valley Crunchy Bars",
      "description": "Crunchy granola bars made with natural ingredients.",
      "price": 27.99,
      "rating": 4,
      "category": "Snack",
      "company": "General Mills",
      "addedDate": "2023-10-15",
      "itemsSold": 250
    },
    {
      "image": "logo",
      "id": 5,
      "name": "Green Tea with Honey",
      "description": "Green tea with a hint of honey.",
      "price": 19.99,
      "rating": 5,
      "category": "Coffees & Teas",
      "company": "Lipton",
      "addedDate": "2023-12-05",
      "itemsSold": 175
    },
    {
      "image": "logo",
      "id": 6,
      "name": "Purina Dog Food for Pet",
      "description": "Nutritious food for dogs.",
      "price": 24.99,
      "rating": 4,
      "category": "Cat food",
      "company": "Purina",
      "addedDate": "2024-02-15",
      "itemsSold": 400
    },
    {
      "image": "logo",
      "id": 7,
      "name": "Organic Whole Milk",
      "description": "Organic milk from grass-fed cows.",
      "price": 18.99,
      "rating": 3,
      "category": "Milks & Dairies",
      "company": "Organic Valley",
      "addedDate": "2024-03-01",
      "itemsSold": 125
    },
    {
      "image": "logo",
      "id": 8,
      "name": "Exotic Fruits from Kashmir",
      "description": "Fresh fruits from Kashmir",
      "price": 34.99,
      "rating": 4,
      "category": "Fruits",
      "company": "natural",
      "addedDate": "2023-11-10",
      "itemsSold": 220
    },
    {
      "image": "logo",
      "id": 9,
      "name": "Organic Chicken Breast",
      "description": "Fresh organic chicken breast.",
      "price": 44.99,
      "rating": 4,
      "category": "Meats",
      "company": "Perdue",
      "addedDate": "2024-01-15",
      "itemsSold": 350
    },
    {
      "image": "logo",
      "id": 10,
      "name": "Organic Carrots Fresh",
      "description": "Fresh organic carrots.",
      "price": 14.99,
      "rating": 3,
      "category": "Vegetables",
      "company": "Earthbound Farm",
      "addedDate": "2024-02-10",
      "itemsSold": 180
    }]
    }
  